Date;Ibirapuera;Pinheiros
17 de janeiro de 2016;;
18 de janeiro de 2016;749;1046
19 de janeiro de 2016;1003;1121
20 de janeiro de 2016;1075;1262
21 de janeiro de 2016;661;1016
22 de janeiro de 2016;959;991
23 de janeiro de 2016;1461;1694
24 de janeiro de 2016;1615;1790
25 de janeiro de 2016;1156;1307
26 de janeiro de 2016;840;851
27 de janeiro de 2016;1036;1301
28 de janeiro de 2016;1009;1209
29 de janeiro de 2016;743;916
30 de janeiro de 2016;1640;2057
31 de janeiro de 2016;1162;1381
1 de fevereiro de 2016;1130;1340
2 de fevereiro de 2016;1251;1461
3 de fevereiro de 2016;1140;1337
4 de fevereiro de 2016;886;1010
5 de fevereiro de 2016;589;744
6 de fevereiro de 2016;1131;1348
7 de fevereiro de 2016;690;775
8 de fevereiro de 2016;1562;1763
9 de fevereiro de 2016;774;911
10 de fevereiro de 2016;912;1050
11 de fevereiro de 2016;1147;1451
12 de fevereiro de 2016;977;1134
13 de fevereiro de 2016;1957;2199
14 de fevereiro de 2016;789;846
15 de fevereiro de 2016;1064;1353
16 de fevereiro de 2016;1046;1148
17 de fevereiro de 2016;1153;1393
18 de fevereiro de 2016;1098;1288
19 de fevereiro de 2016;929;1102
20 de fevereiro de 2016;1850;1999
21 de fevereiro de 2016;1148;1235
22 de fevereiro de 2016;1232;1435
23 de fevereiro de 2016;1035;1146
24 de fevereiro de 2016;1157;1429
25 de fevereiro de 2016;1125;1384
26 de fevereiro de 2016;863;1011
27 de fevereiro de 2016;1587;1660
28 de fevereiro de 2016;892;1019
29 de fevereiro de 2016;563;667
1 de março de 2016;803;940
2 de março de 2016;716;832
3 de março de 2016;1082;1243
4 de março de 2016;967;1055
5 de março de 2016;1911;2172
6 de março de 2016;1161;1250
7 de março de 2016;1322;1571
8 de março de 2016;1170;1319
9 de março de 2016;481;591
11 de março de 2016;1007;1094
12 de março de 2016;1802;1867
13 de março de 2016;1195;1331
14 de março de 2016;1370;1481
15 de março de 2016;1195;1347
16 de março de 2016;1315;1546
17 de março de 2016;1233;1457
18 de março de 2016;1098;1150
19 de março de 2016;2161;2314
20 de março de 2016;1410;1522
21 de março de 2016;1368;1528
22 de março de 2016;1059;1157
23 de março de 2016;1210;1380
24 de março de 2016;1069;1229
25 de março de 2016;896;1017
26 de março de 2016;1529;1646
27 de março de 2016;1364;1527
28 de março de 2016;1482;1552
29 de março de 2016;1282;1409
30 de março de 2016;1304;1490
31 de março de 2016;1288;1502
1 de abril de 2016;1160;1253
2 de abril de 2016;2170;2440
3 de abril de 2016;1416;1525
4 de abril de 2016;1660;1745
5 de abril de 2016;1365;1537
6 de abril de 2016;1499;1680
7 de abril de 2016;1313;1477
8 de abril de 2016;1104;1224
9 de abril de 2016;2130;2257
10 de abril de 2016;1332;1541
11 de abril de 2016;1538;1734
12 de abril de 2016;1480;1695
13 de abril de 2016;1531;1791
14 de abril de 2016;1435;1546
15 de abril de 2016;1243;1328
16 de abril de 2016;2100;2177
17 de abril de 2016;1456;1576
18 de abril de 2016;1652;1799
19 de abril de 2016;1376;1564
20 de abril de 2016;1977;2179
21 de abril de 2016;1069;1136
22 de abril de 2016;1251;1390
23 de abril de 2016;2130;2305
24 de abril de 2016;604;1102
25 de abril de 2016;1323;1540
26 de abril de 2016;962;1060
27 de abril de 2016;1203;1368
28 de abril de 2016;1020;1151
29 de abril de 2016;1073;1187
30 de abril de 2016;2137;2299
1 de maio de 2016;1281;1504
2 de maio de 2016;1395;1625
3 de maio de 2016;1382;1562
4 de maio de 2016;1422;1632
5 de maio de 2016;1199;1437
6 de maio de 2016;889;1014
7 de maio de 2016;1129;1248
8 de maio de 2016;1398;1547
9 de maio de 2016;1357;1517
10 de maio de 2016;1362;1568
11 de maio de 2016;1185;1400
12 de maio de 2016;1051;1279
13 de maio de 2016;843;1033
14 de maio de 2016;2109;2222
15 de maio de 2016;816;903
16 de maio de 2016;1190;1295
17 de maio de 2016;638;699
18 de maio de 2016;656;688
19 de maio de 2016;974;1135
20 de maio de 2016;301;332
21 de maio de 2016;1826;1907
22 de maio de 2016;812;907
23 de maio de 2016;869;960
24 de maio de 2016;1072;1183
25 de maio de 2016;1583;1871
26 de maio de 2016;803;857
27 de maio de 2016;854;853
28 de maio de 2016;1685;1848
29 de maio de 2016;931;1026
30 de maio de 2016;1117;1299
31 de maio de 2016;1028;1145
1 de junho de 2016;975;1111
2 de junho de 2016;611;627
3 de junho de 2016;402;432
4 de junho de 2016;547;581
5 de junho de 2016;560;621
6 de junho de 2016;523;632
7 de junho de 2016;1135;1229
8 de junho de 2016;1047;1196
9 de junho de 2016;908;1083
10 de junho de 2016;735;807
11 de junho de 2016;1186;1297
12 de junho de 2016;940;1016
13 de junho de 2016;1019;1127
14 de junho de 2016;1086;1163
15 de junho de 2016;1235;1396
16 de junho de 2016;1130;1270
17 de junho de 2016;772;875
18 de junho de 2016;1758;1837
19 de junho de 2016;921;1006
20 de junho de 2016;796;878
21 de junho de 2016;939;1017
22 de junho de 2016;1114;1228
23 de junho de 2016;1068;1129
24 de junho de 2016;809;910
25 de junho de 2016;1729;1880
26 de junho de 2016;1141;1346
27 de junho de 2016;1366;1445
28 de junho de 2016;1263;1489
29 de junho de 2016;1197;1323
30 de junho de 2016;1048;1194
1 de julho de 2016;1005;1121
2 de julho de 2016;2135;2368
3 de julho de 2016;1273;1388
4 de julho de 2016;1369;1596
5 de julho de 2016;1292;1440
6 de julho de 2016;1212;1392
7 de julho de 2016;1038;1164
8 de julho de 2016;1137;1186
9 de julho de 2016;1976;2118
10 de julho de 2016;1209;1301
11 de julho de 2016;1342;1525
12 de julho de 2016;1226;1405
13 de julho de 2016;1359;1466
14 de julho de 2016;1083;1239
15 de julho de 2016;490;503
16 de julho de 2016;1829;1893
17 de julho de 2016;1011;1108
18 de julho de 2016;1030;1170
19 de julho de 2016;981;1067
20 de julho de 2016;1002;1158
21 de julho de 2016;830;961
22 de julho de 2016;993;1140
23 de julho de 2016;1961;2173
24 de julho de 2016;1191;1337
25 de julho de 2016;1353;1552
26 de julho de 2016;1305;1411
27 de julho de 2016;1146;1300
28 de julho de 2016;909;1081
29 de julho de 2016;952;1083
30 de julho de 2016;2185;2345
31 de julho de 2016;1337;1468
1 de agosto de 2016;1052;1220
2 de agosto de 2016;1153;1281
3 de agosto de 2016;1202;1338
4 de agosto de 2016;1150;1330
5 de agosto de 2016;1088;1153
6 de agosto de 2016;1855;2114
7 de agosto de 2016;1052;1210
8 de agosto de 2016;1276;1393
9 de agosto de 2016;1080;1209
10 de agosto de 2016;984;1105
11 de agosto de 2016;923;1063
12 de agosto de 2016;973;1084
13 de agosto de 2016;1463;1550
14 de agosto de 2016;1000;1017
15 de agosto de 2016;1224;1395
16 de agosto de 2016;1354;1446
17 de agosto de 2016;971;1059
18 de agosto de 2016;990;1197
19 de agosto de 2016;322;345
20 de agosto de 2016;145;153
21 de agosto de 2016;568;655
22 de agosto de 2016;1043;1162
23 de agosto de 2016;1167;1258
24 de agosto de 2016;1201;1364
25 de agosto de 2016;1194;1318
26 de agosto de 2016;1127;1227
27 de agosto de 2016;2193;2420
28 de agosto de 2016;1365;1554
29 de agosto de 2016;1536;1652
30 de agosto de 2016;472;560
31 de agosto de 2016;1274;1434
1 de setembro de 2016;1068;1213
2 de setembro de 2016;927;1005
3 de setembro de 2016;1596;1697
4 de setembro de 2016;1239;1353
5 de setembro de 2016;653;739
6 de setembro de 2016;1257;1522
7 de setembro de 2016;1249;1448
8 de setembro de 2016;1092;1190
9 de setembro de 2016;1039;1113
10 de setembro de 2016;2130;2258
11 de setembro de 2016;1305;1480
12 de setembro de 2016;1550;1639
13 de setembro de 2016;1321;1411
14 de setembro de 2016;1349;1516
15 de setembro de 2016;1105;1287
16 de setembro de 2016;1029;1099
17 de setembro de 2016;1851;2077
18 de setembro de 2016;1218;1383
19 de setembro de 2016;1010;1139
20 de setembro de 2016;994;1147
21 de setembro de 2016;1284;1381
22 de setembro de 2016;1243;1383
23 de setembro de 2016;787;894
24 de setembro de 2016;743;763
25 de setembro de 2016;1200;1235
26 de setembro de 2016;1413;1538
27 de setembro de 2016;1327;1493
28 de setembro de 2016;1254;1445
29 de setembro de 2016;1130;1277
30 de setembro de 2016;815;869
1 de outubro de 2016;1464;1657
2 de outubro de 2016;587;619
3 de outubro de 2016;997;1115
4 de outubro de 2016;1247;1400
5 de outubro de 2016;1061;1235
6 de outubro de 2016;1092;1210
7 de outubro de 2016;1166;1307
8 de outubro de 2016;2030;2186
9 de outubro de 2016;1197;1296
10 de outubro de 2016;1156;1248
11 de outubro de 2016;2163;2439
12 de outubro de 2016;889;896
13 de outubro de 2016;976;1078
14 de outubro de 2016;1038;1133
15 de outubro de 2016;2126;2298
16 de outubro de 2016;1233;1388
17 de outubro de 2016;1563;1788
18 de outubro de 2016;1466;1593
19 de outubro de 2016;944;1009
20 de outubro de 2016;919;1044
21 de outubro de 2016;744;739
22 de outubro de 2016;2059;2298
23 de outubro de 2016;1228;1410
24 de outubro de 2016;814;843
25 de outubro de 2016;1448;1498
26 de outubro de 2016;1149;1276
27 de outubro de 2016;1254;1358
28 de outubro de 2016;1002;1153
29 de outubro de 2016;1965;2164
30 de outubro de 2016;1433;1585
31 de outubro de 2016;1474;1672
1 de novembro de 2016;2256;2570
2 de novembro de 2016;641;709
3 de novembro de 2016;889;977
4 de novembro de 2016;845;906
5 de novembro de 2016;1730;1969
6 de novembro de 2016;1352;1507
7 de novembro de 2016;1595;1748
8 de novembro de 2016;1106;1107
9 de novembro de 2016;1159;1349
10 de novembro de 2016;1219;1392
11 de novembro de 2016;542;587
12 de novembro de 2016;87;95
13 de novembro de 2016;432;510
14 de novembro de 2016;959;1059
15 de novembro de 2016;1103;1226
16 de novembro de 2016;1102;1238
17 de novembro de 2016;921;1062
18 de novembro de 2016;783;820
19 de novembro de 2016;2044;2329
20 de novembro de 2016;1407;1573
21 de novembro de 2016;1427;1583
22 de novembro de 2016;1009;1130
23 de novembro de 2016;1395;1553
24 de novembro de 2016;1211;1400
25 de novembro de 2016;1078;1126
26 de novembro de 2016;2017;2174
27 de novembro de 2016;1219;1367
28 de novembro de 2016;1007;1143
29 de novembro de 2016;967;1084
30 de novembro de 2016;1208;1401
1 de dezembro de 2016;1229;1376
2 de dezembro de 2016;780;882
3 de dezembro de 2016;1611;1729
4 de dezembro de 2016;1382;1512
5 de dezembro de 2016;1575;1749
6 de dezembro de 2016;1324;1403
7 de dezembro de 2016;1357;1508
8 de dezembro de 2016;1201;1368
9 de dezembro de 2016;878;904
10 de dezembro de 2016;966;1157
11 de dezembro de 2016;933;1019
12 de dezembro de 2016;1437;1631
13 de dezembro de 2016;1245;1325
14 de dezembro de 2016;978;1126
15 de dezembro de 2016;1112;1277
16 de dezembro de 2016;922;1073
17 de dezembro de 2016;1655;1796
18 de dezembro de 2016;1021;1180
19 de dezembro de 2016;1201;1354
20 de dezembro de 2016;996;1061
21 de dezembro de 2016;1097;1273
22 de dezembro de 2016;892;994
23 de dezembro de 2016;776;821
24 de dezembro de 2016;771;872
25 de dezembro de 2016;1015;1080
26 de dezembro de 2016;912;1042
27 de dezembro de 2016;859;903
28 de dezembro de 2016;720;802
29 de dezembro de 2016;722;737
30 de dezembro de 2016;533;554
31 de dezembro de 2016;627;737
1 de janeiro de 2017;590;630
2 de janeiro de 2017;896;1013
3 de janeiro de 2017;1132;1261
4 de janeiro de 2017;1171;1294
5 de janeiro de 2017;907;1006
6 de janeiro de 2017;914;1007
7 de janeiro de 2017;2223;2297
8 de janeiro de 2017;1132;1261
9 de janeiro de 2017;1475;1608
10 de janeiro de 2017;1243;1383
11 de janeiro de 2017;1205;1237
12 de janeiro de 2017;1208;1325
13 de janeiro de 2017;1202;1282
14 de janeiro de 2017;2103;2314
15 de janeiro de 2017;1094;1193
16 de janeiro de 2017;831;886
17 de janeiro de 2017;622;632
18 de janeiro de 2017;694;728
19 de janeiro de 2017;368;451
20 de janeiro de 2017;395;373
21 de janeiro de 2017;732;772
22 de janeiro de 2017;1096;1214
23 de janeiro de 2017;1433;1503
24 de janeiro de 2017;2093;2233
25 de janeiro de 2017;1074;1182
26 de janeiro de 2017;1094;1147
27 de janeiro de 2017;1157;1241
28 de janeiro de 2017;2717;2794
29 de janeiro de 2017;1263;1349
30 de janeiro de 2017;1397;1440
31 de janeiro de 2017;929;938
1 de fevereiro de 2017;1157;1329
2 de fevereiro de 2017;1134;1217
3 de fevereiro de 2017;879;917
4 de fevereiro de 2017;2508;2643
5 de fevereiro de 2017;1079;1127
6 de fevereiro de 2017;1395;1583
7 de fevereiro de 2017;1547;1705
8 de fevereiro de 2017;1615;1825
9 de fevereiro de 2017;1363;1532
10 de fevereiro de 2017;1099;1199
11 de fevereiro de 2017;2161;2356
12 de fevereiro de 2017;1492;1620
13 de fevereiro de 2017;1637;1838
14 de fevereiro de 2017;1566;1735
15 de fevereiro de 2017;1492;1675
16 de fevereiro de 2017;1311;1446
17 de fevereiro de 2017;633;893
18 de fevereiro de 2017;1755;2369
19 de fevereiro de 2017;1354;1560
20 de fevereiro de 2017;1487;1640
21 de fevereiro de 2017;1268;1311
22 de fevereiro de 2017;1253;1544
23 de fevereiro de 2017;1017;1042
24 de fevereiro de 2017;540;711
25 de fevereiro de 2017;1174;1412
26 de fevereiro de 2017;683;941
27 de fevereiro de 2017;1475;1895
28 de fevereiro de 2017;1003;1153
1 de março de 2017;1301;1406
2 de março de 2017;962;1141
3 de março de 2017;722;982
4 de março de 2017;1576;1972
5 de março de 2017;993;1095
6 de março de 2017;1236;1301
7 de março de 2017;1175;1378
8 de março de 2017;702;1208
9 de março de 2017;1256;1439
10 de março de 2017;1156;1210
11 de março de 2017;2360;2733
12 de março de 2017;1146;1257
13 de março de 2017;1282;1526
14 de março de 2017;1740;1947
15 de março de 2017;1515;1645
16 de março de 2017;1109;1126
17 de março de 2017;536;611
18 de março de 2017;1094;1212
19 de março de 2017;1263;1438
20 de março de 2017;1427;1657
21 de março de 2017;1522;1747
22 de março de 2017;1377;1571
23 de março de 2017;1279;1537
24 de março de 2017;1003;1037
25 de março de 2017;1975;2175
26 de março de 2017;1188;1333
27 de março de 2017;1469;1615
28 de março de 2017;1464;1596
29 de março de 2017;1394;1534
30 de março de 2017;1300;1455
31 de março de 2017;927;999
1 de abril de 2017;1760;1888
2 de abril de 2017;1438;1541
3 de abril de 2017;1559;1715
4 de abril de 2017;1444;1598
5 de abril de 2017;590;674
6 de abril de 2017;809;909
7 de abril de 2017;822;923
8 de abril de 2017;1818;1998
9 de abril de 2017;1310;1457
10 de abril de 2017;1445;1587
11 de abril de 2017;1006;1158
12 de abril de 2017;980;1090
13 de abril de 2017;1034;1132
14 de abril de 2017;1143;1205
15 de abril de 2017;1437;1553
16 de abril de 2017;933;1085
17 de abril de 2017;1258;1381
18 de abril de 2017;1250;1434
19 de abril de 2017;1213;1385
20 de abril de 2017;922;1075
21 de abril de 2017;694;740
22 de abril de 2017;1348;1511
23 de abril de 2017;1292;1412
24 de abril de 2017;1418;1560
25 de abril de 2017;839;849
26 de abril de 2017;954;1181
27 de abril de 2017;1335;1612
28 de abril de 2017;689;755
29 de abril de 2017;1483;1705
30 de abril de 2017;2036;2227
1 de maio de 2017;1230;1417
2 de maio de 2017;1264;1463
3 de maio de 2017;1367;1542
4 de maio de 2017;431;484
5 de maio de 2017;866;899
6 de maio de 2017;1660;1735
7 de maio de 2017;1261;1492
8 de maio de 2017;1432;1696
9 de maio de 2017;1299;1522
10 de maio de 2017;1163;1315
11 de maio de 2017;1218;1450
12 de maio de 2017;1070;1171
13 de maio de 2017;802;940
14 de maio de 2017;1276;1442
15 de maio de 2017;1414;1485
16 de maio de 2017;1215;1359
17 de maio de 2017;920;1019
18 de maio de 2017;306;362
19 de maio de 2017;747;820
20 de maio de 2017;278;303
21 de maio de 2017;788;884
22 de maio de 2017;1330;1555
23 de maio de 2017;1255;1363
24 de maio de 2017;1326;1597
25 de maio de 2017;1273;1426
26 de maio de 2017;831;939
27 de maio de 2017;1562;1683
28 de maio de 2017;1289;1505
29 de maio de 2017;1180;1277
30 de maio de 2017;1365;1514
31 de maio de 2017;1084;1176
1 de junho de 2017;1115;1337
2 de junho de 2017;941;1050
3 de junho de 2017;1983;2346
4 de junho de 2017;683;596
5 de junho de 2017;520;665
6 de junho de 2017;1066;1185
7 de junho de 2017;1345;1444
8 de junho de 2017;897;1007
9 de junho de 2017;885;979
10 de junho de 2017;1742;1860
11 de junho de 2017;1124;1241
12 de junho de 2017;382;404
13 de junho de 2017;1051;1154
14 de junho de 2017;1275;1268
15 de junho de 2017;789;875
16 de junho de 2017;975;1016
17 de junho de 2017;1964;1970
18 de junho de 2017;1171;1263
19 de junho de 2017;839;960
20 de junho de 2017;990;1111
21 de junho de 2017;1159;1319
22 de junho de 2017;1121;1246
23 de junho de 2017;944;1097
24 de junho de 2017;1974;2104
25 de junho de 2017;1257;1386
26 de junho de 2017;1312;1493
27 de junho de 2017;1263;1473
28 de junho de 2017;1278;1482
29 de junho de 2017;1260;1379
30 de junho de 2017;556;607
1 de julho de 2017;696;765
2 de julho de 2017;1001;1083
3 de julho de 2017;1095;1162
4 de julho de 2017;1050;1204
5 de julho de 2017;1040;1233
6 de julho de 2017;947;1062
7 de julho de 2017;886;979
8 de julho de 2017;1833;1929
9 de julho de 2017;1061;1210
10 de julho de 2017;1357;1480
11 de julho de 2017;1208;1351
12 de julho de 2017;1092;1263
13 de julho de 2017;1092;1245
14 de julho de 2017;971;1047
15 de julho de 2017;1822;2002
16 de julho de 2017;1216;1341
17 de julho de 2017;702;788
18 de julho de 2017;716;838
19 de julho de 2017;1001;1104
20 de julho de 2017;1023;1163
21 de julho de 2017;927;1025
22 de julho de 2017;1894;2119
23 de julho de 2017;1217;1341
24 de julho de 2017;1327;1511
25 de julho de 2017;1349;1492
26 de julho de 2017;1184;1354
27 de julho de 2017;1085;1254
28 de julho de 2017;1025;1149
29 de julho de 2017;2115;2278
30 de julho de 2017;1230;1375
31 de julho de 2017;1308;1554
1 de agosto de 2017;1329;1484
2 de agosto de 2017;1061;1248
3 de agosto de 2017;886;1007
4 de agosto de 2017;563;619
5 de agosto de 2017;1799;1901
6 de agosto de 2017;1337;1482
7 de agosto de 2017;1517;1666
8 de agosto de 2017;1480;1728
9 de agosto de 2017;1260;1366
10 de agosto de 2017;1276;1386
11 de agosto de 2017;930;1076
12 de agosto de 2017;1400;1473
13 de agosto de 2017;1402;1519
14 de agosto de 2017;828;907
15 de agosto de 2017;777;913
16 de agosto de 2017;588;695
17 de agosto de 2017;741;855
18 de agosto de 2017;196;208
19 de agosto de 2017;512;496
20 de agosto de 2017;661;750
21 de agosto de 2017;1081;1202
22 de agosto de 2017;1263;1420
23 de agosto de 2017;1309;1505
24 de agosto de 2017;1255;1431
25 de agosto de 2017;1075;1146
26 de agosto de 2017;2126;2287
27 de agosto de 2017;1479;1624
28 de agosto de 2017;1531;1775
29 de agosto de 2017;1556;1776
30 de agosto de 2017;1157;1219
31 de agosto de 2017;1267;1363
1 de setembro de 2017;1042;1128
2 de setembro de 2017;2190;2472
3 de setembro de 2017;1442;1610
4 de setembro de 2017;1466;1674
5 de setembro de 2017;1377;1608
6 de setembro de 2017;1774;1925
7 de setembro de 2017;891;991
8 de setembro de 2017;902;975
9 de setembro de 2017;1840;2041
10 de setembro de 2017;1492;1610
11 de setembro de 2017;1545;1721
12 de setembro de 2017;1521;1674
13 de setembro de 2017;1523;1662
14 de setembro de 2017;1404;1578
15 de setembro de 2017;1090;1203
16 de setembro de 2017;2062;2325
17 de setembro de 2017;1470;1548
18 de setembro de 2017;1564;1689
19 de setembro de 2017;1521;1723
20 de setembro de 2017;1501;1629
21 de setembro de 2017;1410;1568
22 de setembro de 2017;1063;1162
23 de setembro de 2017;1729;1964
24 de setembro de 2017;1426;1566
25 de setembro de 2017;1597;1713
26 de setembro de 2017;1581;1705
27 de setembro de 2017;1335;1369
28 de setembro de 2017;1037;1116
29 de setembro de 2017;364;452
30 de setembro de 2017;1800;1877
1 de outubro de 2017;1042;1240
2 de outubro de 2017;1051;1228
3 de outubro de 2017;1552;1739
4 de outubro de 2017;1553;1721
5 de outubro de 2017;1391;1543
6 de outubro de 2017;214;223
7 de outubro de 2017;1332;1471
8 de outubro de 2017;1548;1676
9 de outubro de 2017;1418;1516
10 de outubro de 2017;1353;1508
11 de outubro de 2017;1472;1584
12 de outubro de 2017;835;921
13 de outubro de 2017;796;838
14 de outubro de 2017;888;992
15 de outubro de 2017;1259;1379
16 de outubro de 2017;1477;1637
17 de outubro de 2017;1575;1704
18 de outubro de 2017;1536;1784
19 de outubro de 2017;1326;1388
20 de outubro de 2017;838;958
21 de outubro de 2017;566;633
22 de outubro de 2017;925;1116
23 de outubro de 2017;1272;1426
24 de outubro de 2017;1410;1551
25 de outubro de 2017;958;1095
26 de outubro de 2017;902;1012
27 de outubro de 2017;967;1081
28 de outubro de 2017;1456;1522
29 de outubro de 2017;1169;1227
30 de outubro de 2017;1320;1425
31 de outubro de 2017;1407;1546
1 de novembro de 2017;1925;2092
2 de novembro de 2017;1086;1161
3 de novembro de 2017;926;953
4 de novembro de 2017;782;802
5 de novembro de 2017;981;1145
6 de novembro de 2017;1461;1668
7 de novembro de 2017;1386;1535
8 de novembro de 2017;1182;1300
9 de novembro de 2017;1356;1481
10 de novembro de 2017;695;692
11 de novembro de 2017;2312;2392
12 de novembro de 2017;1518;1719
13 de novembro de 2017;1614;1835
14 de novembro de 2017;2092;2285
16 de novembro de 2017;889;992
17 de novembro de 2017;847;984
18 de novembro de 2017;987;1048
19 de novembro de 2017;888;1049
20 de novembro de 2017;1096;1236
21 de novembro de 2017;1096;1224
22 de novembro de 2017;1397;1514
23 de novembro de 2017;1402;1561
24 de novembro de 2017;1178;1252
25 de novembro de 2017;1620;1669
26 de novembro de 2017;766;928
27 de novembro de 2017;1530;1594
28 de novembro de 2017;1641;1796
29 de novembro de 2017;1416;1602
30 de novembro de 2017;1289;1414
1 de dezembro de 2017;833;896
2 de dezembro de 2017;1800;1857
3 de dezembro de 2017;1488;1645
4 de dezembro de 2017;1686;1873
5 de dezembro de 2017;1580;1777
6 de dezembro de 2017;1326;1455
7 de dezembro de 2017;1150;1290
8 de dezembro de 2017;958;1046
9 de dezembro de 2017;1882;2157
10 de dezembro de 2017;1336;1530
11 de dezembro de 2017;1463;1579
12 de dezembro de 2017;1521;1670
13 de dezembro de 2017;1538;1758
14 de dezembro de 2017;1398;1591
15 de dezembro de 2017;849;908
16 de dezembro de 2017;1760;1912
17 de dezembro de 2017;1365;1434
18 de dezembro de 2017;1435;1600
19 de dezembro de 2017;1202;1297
20 de dezembro de 2017;542;654
21 de dezembro de 2017;764;932
22 de dezembro de 2017;820;926
23 de dezembro de 2017;1045;1150
24 de dezembro de 2017;443;501
25 de dezembro de 2017;679;796
26 de dezembro de 2017;859;991
27 de dezembro de 2017;498;565
28 de dezembro de 2017;336;348
29 de dezembro de 2017;381;419
30 de dezembro de 2017;415;485
31 de dezembro de 2017;645;742
1 de janeiro de 2018;747;828
2 de janeiro de 2018;611;658
3 de janeiro de 2018;1241;1373
4 de janeiro de 2018;1060;1218
5 de janeiro de 2018;943;985
6 de janeiro de 2018;486;463
7 de janeiro de 2018;357;379
8 de janeiro de 2018;942;1085
9 de janeiro de 2018;1279;1396
10 de janeiro de 2018;1257;1348
11 de janeiro de 2018;1177;1344
12 de janeiro de 2018;682;736
13 de janeiro de 2018;1946;2172
14 de janeiro de 2018;1381;1569
15 de janeiro de 2018;1402;1526
16 de janeiro de 2018;1457;1638
17 de janeiro de 2018;1507;1800
18 de janeiro de 2018;1235;1432
19 de janeiro de 2018;1022;1089
20 de janeiro de 2018;2033;2320
21 de janeiro de 2018;1338;1493
22 de janeiro de 2018;1436;1650
23 de janeiro de 2018;1391;1561
24 de janeiro de 2018;1623;1801
25 de janeiro de 2018;755;843
26 de janeiro de 2018;866;938
27 de janeiro de 2018;2185;2312
28 de janeiro de 2018;1210;1320
29 de janeiro de 2018;896;1012
30 de janeiro de 2018;1607;1804
31 de janeiro de 2018;1722;1896
1 de fevereiro de 2018;1530;1734
2 de fevereiro de 2018;559;701
3 de fevereiro de 2018;1248;1593
4 de fevereiro de 2018;1556;1732
5 de fevereiro de 2018;1626;1814
6 de fevereiro de 2018;1846;2015
7 de fevereiro de 2018;1739;1970
8 de fevereiro de 2018;1625;1821
9 de fevereiro de 2018;416;521
10 de fevereiro de 2018;934;1339
11 de fevereiro de 2018;625;850
12 de fevereiro de 2018;526;686
13 de fevereiro de 2018;704;683
14 de fevereiro de 2018;1187;1351
15 de fevereiro de 2018;1366;1498
16 de fevereiro de 2018;675;889
17 de fevereiro de 2018;1311;1752
18 de fevereiro de 2018;1703;1915
19 de fevereiro de 2018;1717;1959
20 de fevereiro de 2018;1877;2166
21 de fevereiro de 2018;1724;1844
22 de fevereiro de 2018;1690;1939
23 de fevereiro de 2018;1284;1294
24 de fevereiro de 2018;2255;2397
25 de fevereiro de 2018;1394;1241
26 de fevereiro de 2018;1673;1988
27 de fevereiro de 2018;1984;2161
28 de fevereiro de 2018;1847;2040
1 de março de 2018;1580;1689
2 de março de 2018;1010;1171
3 de março de 2018;2130;2306
4 de março de 2018;1784;2041
5 de março de 2018;1789;1892
6 de março de 2018;1710;1836
7 de março de 2018;1487;1740
8 de março de 2018;1775;1975
9 de março de 2018;1057;1125
10 de março de 2018;2384;2542
11 de março de 2018;1765;1927
12 de março de 2018;1828;2069
13 de março de 2018;1836;1869
14 de março de 2018;1935;2219
15 de março de 2018;1796;2080
16 de março de 2018;1089;1214
17 de março de 2018;2255;2423
18 de março de 2018;1987;2071
19 de março de 2018;1650;1550
20 de março de 2018;1651;1944
21 de março de 2018;1863;2002
22 de março de 2018;1801;2052
23 de março de 2018;1180;1356
24 de março de 2018;2175;2436
25 de março de 2018;1762;1927
26 de março de 2018;1653;1562
27 de março de 2018;1497;1547
28 de março de 2018;1511;1628
29 de março de 2018;1160;1297
30 de março de 2018;904;962
31 de março de 2018;1400;1710
1 de abril de 2018;1809;2035
2 de abril de 2018;1919;2000
3 de abril de 2018;1977;2215
4 de abril de 2018;2042;2242
5 de abril de 2018;1900;2017
6 de abril de 2018;1110;1226
7 de abril de 2018;1878;2066
8 de abril de 2018;2009;2147
9 de abril de 2018;2288;2324
10 de abril de 2018;2225;2320
11 de abril de 2018;2185;2267
12 de abril de 2018;2018;2105
13 de abril de 2018;1140;1223
14 de abril de 2018;367;392
15 de abril de 2018;1744;1690
16 de abril de 2018;2214;2225
17 de abril de 2018;1120;1920
18 de abril de 2018;2215;2310
19 de abril de 2018;1993;2097
20 de abril de 2018;1389;1470
21 de abril de 2018;2086;2268
22 de abril de 2018;2058;2170
23 de abril de 2018;2153;2480
24 de abril de 2018;2223;2438
25 de abril de 2018;2155;2353
26 de abril de 2018;1937;2181
27 de abril de 2018;1157;1160
28 de abril de 2018;1912;2008
29 de abril de 2018;1417;1451
30 de abril de 2018;2429;2621
1 de maio de 2018;2107;2392
2 de maio de 2018;2224;2407
3 de maio de 2018;2113;2344
4 de maio de 2018;1179;1358
5 de maio de 2018;2327;2679
6 de maio de 2018;2099;2257
7 de maio de 2018;2242;2301
8 de maio de 2018;2211;2400
9 de maio de 2018;2137;2345
10 de maio de 2018;2128;2380
11 de maio de 2018;1013;1095
12 de maio de 2018;1277;1302
13 de maio de 2018;2029;2359
14 de maio de 2018;2443;2601
15 de maio de 2018;2329;2503
16 de maio de 2018;2403;2564
17 de maio de 2018;2242;2433
18 de maio de 2018;681;666
19 de maio de 2018;1481;1763
20 de maio de 2018;2067;2229
21 de maio de 2018;2296;2479
22 de maio de 2018;2231;2447
23 de maio de 2018;2367;2702
24 de maio de 2018;2553;2763
25 de maio de 2018;1579;1770
26 de maio de 2018;2795;3209
27 de maio de 2018;3301;3469
28 de maio de 2018;3643;3948
29 de maio de 2018;3067;3377
30 de maio de 2018;2805;3167
31 de maio de 2018;1863;2096
1 de junho de 2018;1387;1466
2 de junho de 2018;666;707
3 de junho de 2018;2049;2272
4 de junho de 2018;2170;2415
5 de junho de 2018;2294;2545
6 de junho de 2018;1755;1987
7 de junho de 2018;2107;2379
8 de junho de 2018;995;1082
9 de junho de 2018;1844;1989
10 de junho de 2018;2564;2791
11 de junho de 2018;2649;2749
12 de junho de 2018;2307;2263
13 de junho de 2018;1976;2029
14 de junho de 2018;1991;2089
15 de junho de 2018;645;721
16 de junho de 2018;761;893
17 de junho de 2018;2112;2469
18 de junho de 2018;2546;2784
19 de junho de 2018;2586;2844
20 de junho de 2018;2477;2743
21 de junho de 2018;2062;2317
22 de junho de 2018;1163;1266
23 de junho de 2018;2155;2265
24 de junho de 2018;2385;2716
25 de junho de 2018;2716;2957
26 de junho de 2018;2589;2904
27 de junho de 2018;2432;2649
28 de junho de 2018;2360;2637
29 de junho de 2018;997;1123
30 de junho de 2018;2005;2192
1 de julho de 2018;2262;2481
2 de julho de 2018;2541;2622
3 de julho de 2018;2489;2627
4 de julho de 2018;2448;2652
5 de julho de 2018;2168;2624
6 de julho de 2018;999;1095
7 de julho de 2018;2373;2602
8 de julho de 2018;1884;2056
9 de julho de 2018;1826;2080
10 de julho de 2018;1886;1945
11 de julho de 2018;1997;2153
12 de julho de 2018;1926;2102
13 de julho de 2018;1252;1387
14 de julho de 2018;1861;1971
15 de julho de 2018;2328;2657
16 de julho de 2018;2637;2907
17 de julho de 2018;2616;2816
18 de julho de 2018;2508;2773
19 de julho de 2018;2318;2605
20 de julho de 2018;1273;1356
21 de julho de 2018;1542;1628
22 de julho de 2018;2504;2729
23 de julho de 2018;2579;2575
24 de julho de 2018;2529;2602
25 de julho de 2018;2492;2711
26 de julho de 2018;2525;2717
27 de julho de 2018;1569;1668
28 de julho de 2018;2398;2659
29 de julho de 2018;2381;2492
30 de julho de 2018;1415;1809
31 de julho de 2018;1594;1595
1 de agosto de 2018;2103;2426
2 de agosto de 2018;1173;1066
3 de agosto de 2018;1058;1113
4 de agosto de 2018;1265;1272
5 de agosto de 2018;1144;1380
6 de agosto de 2018;2364;2731
7 de agosto de 2018;2848;3009
8 de agosto de 2018;2606;2841
9 de agosto de 2018;2692;3011
10 de agosto de 2018;1410;1530
11 de agosto de 2018;1316;1363
12 de agosto de 2018;2527;2882
13 de agosto de 2018;3014;3392
14 de agosto de 2018;2813;2972
15 de agosto de 2018;2382;2591
16 de agosto de 2018;2528;2754
17 de agosto de 2018;1387;1563
18 de agosto de 2018;2627;2719
19 de agosto de 2018;3078;3573
20 de agosto de 2018;3345;3692
21 de agosto de 2018;3141;3305
22 de agosto de 2018;3159;3509
23 de agosto de 2018;3111;3373
24 de agosto de 2018;1190;1259
25 de agosto de 2018;892;966
26 de agosto de 2018;2524;2872
27 de agosto de 2018;3166;3516
28 de agosto de 2018;3471;3582
29 de agosto de 2018;3377;3728
30 de agosto de 2018;3256;3624
31 de agosto de 2018;1708;1678
1 de setembro de 2018;2694;2746
2 de setembro de 2018;2875;2961
3 de setembro de 2018;2510;2492
4 de setembro de 2018;2818;3100
5 de setembro de 2018;3150;3381
6 de setembro de 2018;2165;2406
7 de setembro de 2018;1474;1515
8 de setembro de 2018;2259;2277
9 de setembro de 2018;2890;3317
10 de setembro de 2018;3460;3620
11 de setembro de 2018;3291;3548
12 de setembro de 2018;3303;3530
13 de setembro de 2018;1533;1538
14 de setembro de 2018;1142;1152
15 de setembro de 2018;2256;2393
16 de setembro de 2018;1847;2454
17 de setembro de 2018;3585;3916
18 de setembro de 2018;3777;4197
19 de setembro de 2018;2860;2738
20 de setembro de 2018;3180;3396
21 de setembro de 2018;1875;1987
22 de setembro de 2018;2941;2962
23 de setembro de 2018;3353;3742
24 de setembro de 2018;3773;4112
25 de setembro de 2018;3484;3707
26 de setembro de 2018;3163;3293
27 de setembro de 2018;3061;3140
28 de setembro de 2018;1467;1778
29 de setembro de 2018;1943;2228
30 de setembro de 2018;2592;3088
1 de outubro de 2018;3668;3999
2 de outubro de 2018;3381;3277
3 de outubro de 2018;3534;3590
4 de outubro de 2018;3053;3241
5 de outubro de 2018;979;1021
6 de outubro de 2018;873;930
7 de outubro de 2018;2128;2455
8 de outubro de 2018;3311;3683
9 de outubro de 2018;2686;3116
10 de outubro de 2018;2398;2503
11 de outubro de 2018;1998;2159
12 de outubro de 2018;1371;1465
13 de outubro de 2018;1550;1754
14 de outubro de 2018;2103;2611
15 de outubro de 2018;3187;3538
16 de outubro de 2018;3188;3272
17 de outubro de 2018;3099;3283
18 de outubro de 2018;2809;2683
19 de outubro de 2018;1590;1679
20 de outubro de 2018;2105;2304
21 de outubro de 2018;3207;3489
22 de outubro de 2018;3662;3600
23 de outubro de 2018;1723;2281
24 de outubro de 2018;1872;2361
25 de outubro de 2018;2942;3194
26 de outubro de 2018;1180;1246
27 de outubro de 2018;1338;1447
28 de outubro de 2018;3158;3344
29 de outubro de 2018;3708;3836
30 de outubro de 2018;3197;2881
31 de outubro de 2018;3293;3691
1 de novembro de 2018;2304;2480
2 de novembro de 2018;1710;1863
3 de novembro de 2018;1623;1782
4 de novembro de 2018;3044;3262
5 de novembro de 2018;3488;3575
6 de novembro de 2018;3178;3312
7 de novembro de 2018;2898;3118
8 de novembro de 2018;3226;3387
9 de novembro de 2018;1366;1413
10 de novembro de 2018;2576;2805
11 de novembro de 2018;3311;3625
12 de novembro de 2018;3581;3870
13 de novembro de 2018;3444;3706
14 de novembro de 2018;1738;1889
15 de novembro de 2018;2117;2323
16 de novembro de 2018;1915;2085
17 de novembro de 2018;2097;2231
18 de novembro de 2018;549;585
19 de novembro de 2018;1696;1822
20 de novembro de 2018;3276;3875
21 de novembro de 2018;3753;4301
22 de novembro de 2018;3623;4085
23 de novembro de 2018;1408;1582
24 de novembro de 2018;1647;1772
25 de novembro de 2018;3526;4199
26 de novembro de 2018;3968;4616
27 de novembro de 2018;3986;4558
28 de novembro de 2018;3715;3873
29 de novembro de 2018;3399;3642
30 de novembro de 2018;1352;1531
1 de dezembro de 2018;2579;2639
2 de dezembro de 2018;3009;3723
3 de dezembro de 2018;4142;4794
4 de dezembro de 2018;3926;4484
5 de dezembro de 2018;3912;4413
6 de dezembro de 2018;3579;3947
7 de dezembro de 2018;1463;1523
8 de dezembro de 2018;2976;3270
9 de dezembro de 2018;3825;4320
10 de dezembro de 2018;4272;4537
11 de dezembro de 2018;4082;4493
12 de dezembro de 2018;3636;4069
13 de dezembro de 2018;3885;4343
14 de dezembro de 2018;1780;1975
15 de dezembro de 2018;2324;2596
16 de dezembro de 2018;3527;4110
17 de dezembro de 2018;3494;4068
18 de dezembro de 2018;3565;3891
19 de dezembro de 2018;3688;4179
20 de dezembro de 2018;3230;3650
21 de dezembro de 2018;1577;1638
22 de dezembro de 2018;1793;1862
23 de dezembro de 2018;798;842
24 de dezembro de 2018;823;856
25 de dezembro de 2018;2257;2648
26 de dezembro de 2018;2371;2732
27 de dezembro de 2018;1943;2214
28 de dezembro de 2018;1424;1617
29 de dezembro de 2018;1992;2094
30 de dezembro de 2018;896;964
31 de dezembro de 2018;700;769
1 de janeiro de 2019;1856;2294
2 de janeiro de 2019;2137;2485
3 de janeiro de 2019;1944;1801
4 de janeiro de 2019;777;932
5 de janeiro de 2019;2794;2919
6 de janeiro de 2019;3097;3588
7 de janeiro de 2019;3160;3365
8 de janeiro de 2019;3389;3940
9 de janeiro de 2019;3364;3766
10 de janeiro de 2019;2960;3378
11 de janeiro de 2019;2119;2384
12 de janeiro de 2019;2892;3219
13 de janeiro de 2019;3256;3698
14 de janeiro de 2019;3855;4275
15 de janeiro de 2019;3478;3924
16 de janeiro de 2019;3246;3259
17 de janeiro de 2019;3377;3911
18 de janeiro de 2019;1966;2184
19 de janeiro de 2019;2820;3154
20 de janeiro de 2019;3352;3886
21 de janeiro de 2019;3378;3806
22 de janeiro de 2019;3594;4095
23 de janeiro de 2019;3301;3899
24 de janeiro de 2019;1659;1841
25 de janeiro de 2019;1704;1898
26 de janeiro de 2019;2994;3265
27 de janeiro de 2019;3368;3997
28 de janeiro de 2019;3814;4153
29 de janeiro de 2019;3643;3999
30 de janeiro de 2019;3757;4204
31 de janeiro de 2019;3461;4155
1 de fevereiro de 2019;1870;2097
2 de fevereiro de 2019;2895;3165
3 de fevereiro de 2019;1845;2585
4 de fevereiro de 2019;3623;4013
5 de fevereiro de 2019;1162;1726
6 de fevereiro de 2019;3646;4125
7 de fevereiro de 2019;3624;4254
8 de fevereiro de 2019;2049;2307
9 de fevereiro de 2019;3123;3520
10 de fevereiro de 2019;3664;4272
11 de fevereiro de 2019;3330;3228
12 de fevereiro de 2019;2465;3096
13 de fevereiro de 2019;3739;4151
14 de fevereiro de 2019;2858;2946
15 de fevereiro de 2019;581;716
16 de fevereiro de 2019;2076;2302
17 de fevereiro de 2019;3596;4082
18 de fevereiro de 2019;4103;4188
19 de fevereiro de 2019;3715;3858
20 de fevereiro de 2019;3240;2955
21 de fevereiro de 2019;2820;1613
22 de fevereiro de 2019;821;1078
23 de fevereiro de 2019;1240;1646
24 de fevereiro de 2019;3003;3431
25 de fevereiro de 2019;1726;2538
26 de fevereiro de 2019;3411;3780
27 de fevereiro de 2019;1601;2092
28 de fevereiro de 2019;2423;2760
1 de março de 2019;578;735
2 de março de 2019;900;1425
3 de março de 2019;995;1065
4 de março de 2019;1341;1425
5 de março de 2019;1946;2033
6 de março de 2019;3061;3061
7 de março de 2019;3482;3873
8 de março de 2019;1235;1261
9 de março de 2019;1754;1983
10 de março de 2019;2637;2973
11 de março de 2019;3678;3602
12 de março de 2019;3732;4133
13 de março de 2019;3372;3357
14 de março de 2019;3234;3610
15 de março de 2019;1745;1840
16 de março de 2019;1993;2056
17 de março de 2019;3543;3816
18 de março de 2019;3558;3653
19 de março de 2019;3637;4101
20 de março de 2019;1975;2378
21 de março de 2019;3306;3861
22 de março de 2019;1929;2142
23 de março de 2019;2895;3092
24 de março de 2019;3602;4153
25 de março de 2019;3904;4458
26 de março de 2019;3897;4182
27 de março de 2019;3528;3926
28 de março de 2019;3611;4147
29 de março de 2019;1766;2015
30 de março de 2019;2760;3052
31 de março de 2019;3662;3992
1 de abril de 2019;4164;4365
2 de abril de 2019;3990;4339
3 de abril de 2019;4122;4468
4 de abril de 2019;3935;4239
5 de abril de 2019;1378;1372
6 de abril de 2019;1804;2035
7 de abril de 2019;1264;1034
8 de abril de 2019;1829;2020
9 de abril de 2019;3330;3638
10 de abril de 2019;3771;4182
11 de abril de 2019;3701;3989
12 de abril de 2019;1913;2202
13 de abril de 2019;694;778
14 de abril de 2019;3613;3972
15 de abril de 2019;3744;3937
16 de abril de 2019;3717;4136
17 de abril de 2019;3777;4200
18 de abril de 2019;2333;2507
19 de abril de 2019;1890;2092
20 de abril de 2019;1849;2080
21 de abril de 2019;3578;3681
22 de abril de 2019;3825;3848
23 de abril de 2019;4022;4246
24 de abril de 2019;3729;4113
25 de abril de 2019;3570;4088
26 de abril de 2019;1955;2228
27 de abril de 2019;2386;2563
28 de abril de 2019;3531;3880
29 de abril de 2019;3866;4258
30 de abril de 2019;3248;3475
1 de maio de 2019;3812;4080
2 de maio de 2019;3777;4151
3 de maio de 2019;2035;2196
4 de maio de 2019;2630;3048
5 de maio de 2019;3618;4072
6 de maio de 2019;3582;3610
7 de maio de 2019;3681;3950
8 de maio de 2019;3740;3918
9 de maio de 2019;3753;3971
10 de maio de 2019;1656;1813
11 de maio de 2019;1493;1662
12 de maio de 2019;3534;3883
13 de maio de 2019;3707;3609
14 de maio de 2019;3463;3722
15 de maio de 2019;2703;2828
16 de maio de 2019;1936;2594
17 de maio de 2019;673;814
18 de maio de 2019;1986;2225
19 de maio de 2019;3456;3596
20 de maio de 2019;3701;4024
21 de maio de 2019;3795;3945
22 de maio de 2019;3761;4007
23 de maio de 2019;2427;2725
24 de maio de 2019;1476;1659
25 de maio de 2019;2288;2501
26 de maio de 2019;3451;3713
27 de maio de 2019;3877;4026
28 de maio de 2019;3478;3697
29 de maio de 2019;3407;3268
30 de maio de 2019;3320;3550
31 de maio de 2019;1031;1153
1 de junho de 2019;414;432
2 de junho de 2019;1399;1996
3 de junho de 2019;3084;2964
4 de junho de 2019;2460;2639
5 de junho de 2019;3340;3427
6 de junho de 2019;3295;3580
7 de junho de 2019;1452;1476
8 de junho de 2019;2023;2203
9 de junho de 2019;3342;3407
10 de junho de 2019;3519;3660
11 de junho de 2019;3641;3781
12 de junho de 2019;3667;3730
13 de junho de 2019;3434;3518
14 de junho de 2019;1677;1760
15 de junho de 2019;2612;2611
16 de junho de 2019;3441;3717
17 de junho de 2019;3697;3764
18 de junho de 2019;3618;3739
19 de junho de 2019;2258;2271
20 de junho de 2019;2033;2161
21 de junho de 2019;1649;1660
22 de junho de 2019;2408;2552
23 de junho de 2019;3375;3660
24 de junho de 2019;3730;3966
25 de junho de 2019;3693;3963
26 de junho de 2019;3568;3725
27 de junho de 2019;3492;3751
28 de junho de 2019;1729;1794
29 de junho de 2019;2601;2733
30 de junho de 2019;3483;3582
1 de julho de 2019;3656;3848
2 de julho de 2019;3470;3816
3 de julho de 2019;631;630
4 de julho de 2019;1283;1638
5 de julho de 2019;1016;1058
6 de julho de 2019;886;977
7 de julho de 2019;1782;1860
8 de julho de 2019;1930;2164
9 de julho de 2019;2907;2971
10 de julho de 2019;3100;3311
11 de julho de 2019;2974;3119
12 de julho de 2019;1630;1616
13 de julho de 2019;2431;2491
14 de julho de 2019;3077;3241
15 de julho de 2019;2715;2733
16 de julho de 2019;2724;2775
17 de julho de 2019;3029;3074
18 de julho de 2019;2853;3065
19 de julho de 2019;1580;1655
20 de julho de 2019;2383;2432
21 de julho de 2019;3036;3192
22 de julho de 2019;3516;3514
23 de julho de 2019;3467;3538
24 de julho de 2019;3318;3411
25 de julho de 2019;3233;3378
26 de julho de 2019;1937;1905
27 de julho de 2019;2280;2261
28 de julho de 2019;3266;3551
29 de julho de 2019;3471;3381
30 de julho de 2019;3634;3743
31 de julho de 2019;3670;3904
1 de agosto de 2019;3283;3249
2 de agosto de 2019;737;816
3 de agosto de 2019;817;872
4 de agosto de 2019;2875;2929
5 de agosto de 2019;3580;3689
6 de agosto de 2019;3832;3855
7 de agosto de 2019;3838;4044
8 de agosto de 2019;3470;3910
9 de agosto de 2019;1715;1815
10 de agosto de 2019;1709;1798
11 de agosto de 2019;3697;3851
12 de agosto de 2019;3560;3362
13 de agosto de 2019;2666;2746
14 de agosto de 2019;3585;3856
15 de agosto de 2019;3500;3808
16 de agosto de 2019;1811;1890
17 de agosto de 2019;2603;2658
18 de agosto de 2019;2587;2451
19 de agosto de 2019;2906;3141
20 de agosto de 2019;3417;3476
21 de agosto de 2019;3445;3662
22 de agosto de 2019;3231;3468
23 de agosto de 2019;1219;1279
24 de agosto de 2019;1872;2017
25 de agosto de 2019;3530;3664
26 de agosto de 2019;3883;3912
27 de agosto de 2019;3704;3898
28 de agosto de 2019;3973;4102
29 de agosto de 2019;3836;3978
30 de agosto de 2019;1788;1708
31 de agosto de 2019;861;961
1 de setembro de 2019;2435;2664
2 de setembro de 2019;2992;2578
3 de setembro de 2019;3110;3107
4 de setembro de 2019;2466;2640
5 de setembro de 2019;3121;3043
6 de setembro de 2019;1747;1916
7 de setembro de 2019;2605;2761
8 de setembro de 2019;3636;4024
9 de setembro de 2019;4075;4273
10 de setembro de 2019;4022;4060
11 de setembro de 2019;4020;4081
12 de setembro de 2019;3406;3655
13 de setembro de 2019;1672;1775
14 de setembro de 2019;2566;2661
15 de setembro de 2019;3653;3891
16 de setembro de 2019;4183;4346
17 de setembro de 2019;3967;4246
18 de setembro de 2019;3896;3899
19 de setembro de 2019;3279;3611
20 de setembro de 2019;1364;1411
21 de setembro de 2019;1148;1228
22 de setembro de 2019;2898;2996
23 de setembro de 2019;3793;3792
24 de setembro de 2019;3255;3069
25 de setembro de 2019;3385;3482
26 de setembro de 2019;3407;3537
27 de setembro de 2019;1324;1335
28 de setembro de 2019;2533;2514
29 de setembro de 2019;3692;3697
30 de setembro de 2019;3955;4101
1 de outubro de 2019;3977;3994
2 de outubro de 2019;3996;3986
3 de outubro de 2019;3716;3813
4 de outubro de 2019;1605;1670
5 de outubro de 2019;2030;2127
6 de outubro de 2019;3299;2948
7 de outubro de 2019;3002;2515
8 de outubro de 2019;3122;3346
9 de outubro de 2019;3794;3917
10 de outubro de 2019;3572;3850
11 de outubro de 2019;1678;1848
12 de outubro de 2019;2201;2378
13 de outubro de 2019;3589;3551
14 de outubro de 2019;3728;3736
15 de outubro de 2019;3737;3672
16 de outubro de 2019;3768;3696
17 de outubro de 2019;3370;3320
18 de outubro de 2019;1532;1589
19 de outubro de 2019;1617;1728
20 de outubro de 2019;3227;3175
21 de outubro de 2019;3919;3867
22 de outubro de 2019;3849;3707
23 de outubro de 2019;3930;3745
24 de outubro de 2019;3736;3697
25 de outubro de 2019;1577;1617
26 de outubro de 2019;2411;2574
27 de outubro de 2019;3352;3519
28 de outubro de 2019;3976;3954
29 de outubro de 2019;3792;3862
30 de outubro de 2019;3807;3543
31 de outubro de 2019;3621;3573
1 de novembro de 2019;1731;1774
2 de novembro de 2019;2247;2262
3 de novembro de 2019;3581;3537
4 de novembro de 2019;3340;2171
5 de novembro de 2019;2993;3128
6 de novembro de 2019;3348;3229
7 de novembro de 2019;3238;3118
8 de novembro de 2019;1473;1587
9 de novembro de 2019;1655;1722
10 de novembro de 2019;3306;3283
11 de novembro de 2019;3715;3739
12 de novembro de 2019;3634;3466
13 de novembro de 2019;2508;2592
14 de novembro de 2019;604;713
15 de novembro de 2019;1515;1653
16 de novembro de 2019;2289;2424
17 de novembro de 2019;3231;3224
18 de novembro de 2019;3587;3387
19 de novembro de 2019;2236;2270
20 de novembro de 2019;3666;3556
21 de novembro de 2019;3330;3489
22 de novembro de 2019;1287;1403
23 de novembro de 2019;1462;1656
24 de novembro de 2019;3512;3506
25 de novembro de 2019;3807;3678
26 de novembro de 2019;3141;2337
27 de novembro de 2019;1915;2223
28 de novembro de 2019;3605;3622
29 de novembro de 2019;1542;1635
30 de novembro de 2019;1791;1933
1 de dezembro de 2019;2806;2854
2 de dezembro de 2019;3802;3548
3 de dezembro de 2019;3481;3412
4 de dezembro de 2019;3173;2842
5 de dezembro de 2019;3045;3098
6 de dezembro de 2019;1695;1670
7 de dezembro de 2019;2242;2344
8 de dezembro de 2019;3353;3059
9 de dezembro de 2019;3014;2500
10 de dezembro de 2019;2908;2093
11 de dezembro de 2019;3507;3687
12 de dezembro de 2019;3155;3200
13 de dezembro de 2019;1248;1335
14 de dezembro de 2019;2076;2176
15 de dezembro de 2019;3491;3579
16 de dezembro de 2019;3475;3339
17 de dezembro de 2019;2311;2474
18 de dezembro de 2019;3264;3254
19 de dezembro de 2019;3074;3126
20 de dezembro de 2019;1379;1473
21 de dezembro de 2019;1638;1784
22 de dezembro de 2019;1586;1201
23 de dezembro de 2019;1210;1248
24 de dezembro de 2019;784;852
25 de dezembro de 2019;2176;2185
26 de dezembro de 2019;2039;1901
27 de dezembro de 2019;1259;1316
28 de dezembro de 2019;1667;1759
29 de dezembro de 2019;1274;1252
30 de dezembro de 2019;735;844
31 de dezembro de 2019;568;606
1 de janeiro de 2020;1192;985
2 de janeiro de 2020;1496;1498
3 de janeiro de 2020;893;917
4 de janeiro de 2020;1528;1658
5 de janeiro de 2020;2940;2835
6 de janeiro de 2020;3078;3062
7 de janeiro de 2020;2726;2212
8 de janeiro de 2020;2947;2633
9 de janeiro de 2020;3005;3004
10 de janeiro de 2020;1498;1552
11 de janeiro de 2020;1557;1578
12 de janeiro de 2020;2800;2591
13 de janeiro de 2020;3259;3231
14 de janeiro de 2020;3307;3359
15 de janeiro de 2020;2767;2668
16 de janeiro de 2020;2332;2293
17 de janeiro de 2020;1454;1531
18 de janeiro de 2020;1886;1979
19 de janeiro de 2020;3098;3064
20 de janeiro de 2020;3434;3452
21 de janeiro de 2020;3262;2935
22 de janeiro de 2020;2326;2308
23 de janeiro de 2020;1808;2073
24 de janeiro de 2020;1643;1783
25 de janeiro de 2020;2353;2489
26 de janeiro de 2020;3113;3183
27 de janeiro de 2020;3326;2921
28 de janeiro de 2020;3520;3401
29 de janeiro de 2020;2881;1656
30 de janeiro de 2020;2967;2990
31 de janeiro de 2020;1021;1089
1 de fevereiro de 2020;1392;1458
2 de fevereiro de 2020;1691;1342
3 de fevereiro de 2020;2749;2770
4 de fevereiro de 2020;2983;2824
5 de fevereiro de 2020;3187;3031
6 de fevereiro de 2020;3182;3152
7 de fevereiro de 2020;1500;1566
8 de fevereiro de 2020;2026;2184
9 de fevereiro de 2020;888;1170
10 de fevereiro de 2020;2012;2388
11 de fevereiro de 2020;2748;2681
12 de fevereiro de 2020;3235;3347
13 de fevereiro de 2020;3403;3455
14 de fevereiro de 2020;1306;1528
15 de fevereiro de 2020;1550;1702
16 de fevereiro de 2020;3373;3333
17 de fevereiro de 2020;3452;3222
18 de fevereiro de 2020;3211;2713
19 de fevereiro de 2020;3267;3084
20 de fevereiro de 2020;2445;2436
21 de fevereiro de 2020;647;804
22 de fevereiro de 2020;1071;1152
23 de fevereiro de 2020;829;840
24 de fevereiro de 2020;1099;1167
25 de fevereiro de 2020;1025;1061
26 de fevereiro de 2020;1885;2072
27 de fevereiro de 2020;2526;2414
28 de fevereiro de 2020;855;951
29 de fevereiro de 2020;1100;1139
1 de março de 2020;2688;1947
2 de março de 2020;2724;2894
3 de março de 2020;3376;3299
4 de março de 2020;3422;3467
5 de março de 2020;3476;3391
6 de março de 2020;1582;1760
7 de março de 2020;1803;1749
8 de março de 2020;3368;3482
9 de março de 2020;3771;3728
10 de março de 2020;3637;3516
11 de março de 2020;3573;3357
12 de março de 2020;3190;3188
13 de março de 2020;1644;1718
14 de março de 2020;2153;2235
15 de março de 2020;2506;2316
16 de março de 2020;1812;1829
17 de março de 2020;1751;1777
18 de março de 2020;1312;1338
19 de março de 2020;1159;1097
20 de março de 2020;995;1106
21 de março de 2020;1452;1544
22 de março de 2020;886;922
23 de março de 2020;930;1015
24 de março de 2020;1019;1114
25 de março de 2020;1142;1211
26 de março de 2020;1229;1300
27 de março de 2020;1588;1679
28 de março de 2020;1329;1458
29 de março de 2020;963;1036
30 de março de 2020;1189;1365
31 de março de 2020;1366;1431
1 de abril de 2020;1299;1419
2 de abril de 2020;1043;1168
3 de abril de 2020;2011;2159
4 de abril de 2020;2068;2263
5 de abril de 2020;1123;1241
6 de abril de 2020;864;961
7 de abril de 2020;966;1065
8 de abril de 2020;1308;1408
9 de abril de 2020;1595;1854
10 de abril de 2020;1524;1698
11 de abril de 2020;1463;1620
12 de abril de 2020;1121;1192
13 de abril de 2020;1109;1189
14 de abril de 2020;1274;1338
15 de abril de 2020;1254;1401
16 de abril de 2020;1086;1250
17 de abril de 2020;1717;1833
18 de abril de 2020;2046;2251
19 de abril de 2020;1200;1234
20 de abril de 2020;2250;2421
21 de abril de 2020;1190;1250
22 de abril de 2020;1453;1585
23 de abril de 2020;1199;1295
24 de abril de 2020;2088;2212
25 de abril de 2020;2385;2687
26 de abril de 2020;1294;1373
27 de abril de 2020;1407;1607
28 de abril de 2020;1328;1532
29 de abril de 2020;1200;1441
30 de abril de 2020;1965;2217
1 de maio de 2020;1463;1667
2 de maio de 2020;1882;2172
3 de maio de 2020;991;1113
4 de maio de 2020;1228;1330
5 de maio de 2020;848;954
6 de maio de 2020;584;619
7 de maio de 2020;934;975
8 de maio de 2020;1776;1957
9 de maio de 2020;1442;1657
10 de maio de 2020;1196;1256
11 de maio de 2020;1396;1507
12 de maio de 2020;1220;1282
13 de maio de 2020;816;873
14 de maio de 2020;928;1016
15 de maio de 2020;2056;2343
16 de maio de 2020;2242;2541
17 de maio de 2020;1089;1128
18 de maio de 2020;1273;1334
19 de maio de 2020;1501;1663
20 de maio de 2020;1576;1670
21 de maio de 2020;1229;1342
22 de maio de 2020;1095;1199
23 de maio de 2020;1363;1542
24 de maio de 2020;1245;1411
25 de maio de 2020;1098;1106
26 de maio de 2020;1177;1235
27 de maio de 2020;1145;1254
28 de maio de 2020;1177;1156
29 de maio de 2020;2042;2155
30 de maio de 2020;2468;2635
31 de maio de 2020;1118;1145
1 de junho de 2020;582;605
2 de junho de 2020;1002;1136
3 de junho de 2020;909;995
4 de junho de 2020;880;994
5 de junho de 2020;1788;1997
6 de junho de 2020;2472;2937
7 de junho de 2020;1207;1277
8 de junho de 2020;1318;1432
9 de junho de 2020;1269;1424
10 de junho de 2020;1891;2084
11 de junho de 2020;1354;1531
12 de junho de 2020;2527;2804
13 de junho de 2020;1082;1254
14 de junho de 2020;1089;1164
15 de junho de 2020;1414;1563
16 de junho de 2020;1487;1624
17 de junho de 2020;1544;1741
18 de junho de 2020;1517;1590
19 de junho de 2020;2603;2904
20 de junho de 2020;3099;3215
21 de junho de 2020;1360;1494
22 de junho de 2020;1641;1808
23 de junho de 2020;1541;1748
